IDCancion,Nombre
710,I Want It That Way
711,Believe
712,Livin' la Vida Loca
713,Beautiful Day
714,Walk On
715,Lady Marmalade - Moulin Rouge/Soundtrack Version
716,A Thousand Miles
717,Complicated
718,Clocks
719,Crazy In Love (feat. Jay-Z)
720,Where Is The Love?
721,Lose Yourself
722,Let's Get It Started - Spike Mix
723,American Idiot
724,The Reason
725,Boulevard of Broken Dreams
726,Hollaback Girl
727,This Love
728,You're Beautiful
729,Umbrella
730,Chasing Pavements
731,Viva La Vida
733,I'm Yours
734,Halo
735,I Gotta Feeling
736,Poker Face
737,Single Ladies (Put a Ring on It)
738,Need You Now
739,Nothin' on You (feat. Bruno Mars)
740,Love The Way You Lie
741,Empire State Of Mind
742,Rolling in the Deep
743,Grenade
744,Firework
745,Someone Like You
746,Moves Like Jagger
747,Paradise
748,Somebody That I Used To Know
749,We Are Never Ever Getting Back Together
750,Stronger (What Doesn't Kill You)
751,We Are Young (feat. Janelle Monáe)
753,Wide Awake
754,Set Fire to the Rain
755,Where Have You Been
756,Payphone
757,Shake It Out
758,Get Lucky (feat. Pharrell Williams & Nile Rodgers)
759,Radioactive
760,Royals
761,Locked out of Heaven
762,Blurred Lines
763,Just Give Me a Reason (feat. Nate Ruess)
764,Roar
765,Same Love - feat. Mary Lambert
766,Stay With Me
767,Fancy
768,Chandelier
769,Shake It Off
770,All About That Bass
771,"Happy - From ""Despicable Me 2"""
772,All of Me
773,Say Something
774,A Sky Full of Stars
775,Bang Bang
776,Dark Horse
777,Uptown Funk (feat. Bruno Mars)
778,Thinking out Loud
779,Blank Space
780,See You Again (feat. Charlie Puth)
781,Sugar
782,Hello
783,Work
784,Stressed Out
785,Cheap Thrills (feat. Sean Paul)
786,Despacito - Remix
787,That's What I Like
788,Shape of You
789,Havana (feat. Young Thug)
790,Girls Like You
791,bad guy
792,Señorita
793,She Will Be Loved
794,Makes Me Wonder
795,Won't Go Home Without You
796,If I Never See Your Face Again
797,Misery
798,Hips Don't Lie (feat. Wyclef Jean)
799,Beautiful Liar
800,Don't Start Now
801,Watermelon Sugar
